Description	ID	Manufacturer	Manufacturer Part Number	Supplier	Supplier Part Number	Reference Designators	Line Quantity	Order Quantity	Unit Price	Order Price	Legacy ID	Mounting Type	Datasheet 1	Datasheet 2	Datasheet 3	Datasheet 4	Datasheet 5	Datasheet 6	Datasheet 7	Datasheet 8	Datasheet 9	Datasheet 10	Datasheet 11	Datasheet 12	Datasheet 13	Datasheet 14	Datasheet 15	Datasheet 16	Datasheet 17	Datasheet 18	Datasheet 19	Datasheet 20	Datasheet 21	Datasheet 22	Datasheet 23	Datasheet 24	Datasheet 25	Datasheet 26	Datasheet 27	Datasheet 28	Datasheet 29	Datasheet 30	Datasheet 31
Crystal 32MHz ±10ppm (Tol) ±20ppm (Stability) 6pF FUND 100Ohm 4-Pin SMD T/R	ABRACON/ABM12W-32.0000MHZ-6-D1X-T3	Abracon	ABM12W-32.0000MHZ-6-D1X-T3	Mouser	815-12W32-6D1XT	X1	1	16	0.8748	13.9968		Surface mount																															
Chip Antenna Linear Single Band 50Ohm 8.5GHz 4.5dB Surface Mount T/R	ABRACON/ACR0301U	Abracon	ACR0301U	Newark	90AJ5341	A1,A2,A3	3	40	1.0920	43.6800		Surface mount																															
Ceramic Antenna, 2.47Ghz, 50 Ohm, 3W Rohs Compliant: Yes |Abracon AMCA72-2R470G-S1F-T4	ABRACON/AMCA72-2R470G-S1F-T4	Abracon	AMCA72-2R470G-S1F-T4	Mouser	815-CA722R470GS1FT4	A4	1	22	0.5388	11.8536		Surface mount	http://datasheet.octopart.com/AMCA72-2R470G-S1F-T4-Abracon-datasheet-137316386.pdf																														
Apollo4 Blue Plus, M4 192MHz, BLE5.1, 2MB MRAM, 2.75MB SRAM, MIPI, I2S, BGA	AM13/AMA4B2KP-KBR	Ambiq Micro	AMA4B2KP-KBR	Mouser	222-AMA4B2KP-KBR	U1	1	12	9.6120	115.3440		Surface mount																															
Flash Memory NAND Flash 8Gbit 1.8V 8bit ECC 4096 Block 8-Pin LGA	AM3/AS5F18G04SND-10LIN	Alliance Memory	AS5F18G04SND-10LIN	Newark	82AK3835	U8	1	12	14.2080	170.4960		Surface mount																															
Cap Ceramic 3.3pF 250V C0G 0.1pF Pad SMD 0805 125C T/R	AVX/600F3R3BT250XT	AVX	600F3R3BT250XT	Mouser	581-600F3R3BT	C3,C4	2	28	0.6108	17.1024		Surface mount																															
CM 0603 (1608Metric) ceramic capacitor 0.063Lx0.031W 1.60mmx0.80mm X5R ±20% 10muF	AVX/CM105X5R106M25AT	AVX	CM105X5R106M25AT			C54,C55,C53,C56,C57	5	100	0.3720	37.2000		Surface mount																															
Accelrometer/gyro SMD	CEVA/BNO086	CEVA	BNO086	Digi-Key	1888-BNO086CT-ND	U6	1	12	16.0044	192.0528		Surface mount																															
Rectifier Diode Switching 90V 0.1A 4ns 2-Pin SOD-923F T/R	COMCHIP/CDSQR400B-HF	Comchip	CDSQR400B-HF	Mouser	750-CDSQR400B-HF	D4	1	100	0.1044	10.4400		Surface mount																															
Trans Mosfet N-ch 20V 0.75A 3-PIN Dfn T/r / Mosfet N-ch 20V 750MA DFN1006H4	DIODES/DMN2400UFB4-7	Diodes Inc.	DMN2400UFB4-7	Digi-Key	DMN2400UFB4-7DICT-ND	Q2	1	133	0.0843	11.2119		Surface mount																															
DNP	DNP					J1,J2,SJ2,SJ3,SJ4,SJ5,SJ6,SJ7,SJ1,TP9,TP10,TP8,TP0,TP1,TP2,TP3,TP4,TP5,TP6,TP7,FD1,FD2,FD4,FD6,CX3,CX4,CX5,J3,J5,J6,CX1,CX2,RX1,RX2,RX5,RX6,RX8,RX14,RX7																																					
USB Connector, 16 Contact(s), Male, Right Angle, Surface Mount Terminal, Locking, Receptacle	GC2/USB4110-GF-A	Global Connector Technology	USB4110-GF-A	Mouser	640-USB4110-GF-A	XJ1	1	16	1.2480	19.9680		Surface mount	http://datasheet.octopart.com/USB4110-GF-A-Global-Connector-Technology-datasheet-137417970.pdf																														
Multilayer Ceramic Capacitor, 100 pF, 25 V, ï¿½ 5%, C0G (NP0), 0402 [1005 Metric]	KEMET1/C0402C101J3GACTU	KEMET	C0402C101J3GACTU	Newark	03C3038	C43	1	100	0.0048	0.4800		Surface mount																															
Multilayer Ceramic Capacitor, 4700 pF, 50 V, ï¿½ 5%, C0G (NP0), 0603 [1608 Metric]	KEMET1/C0603C472J5GACTU	KEMET	C0603C472J5GACTU	Newark	74M0248	C12,C13,C14	3	50	0.1368	6.8400		Surface mount																															
Multilayer Ceramic Capacitors MLCC - SMD/SMT 50V 2pF C0G 0201 0.05pF	KEMET1/CBR02C209A5GAC	KEMET	CBR02C209A5GAC	Mouser	80-CBR02C209A5GAC	C2	1	100	0.0828	8.2800		Surface mount																															
Conn Shrouded Header (4 Sides) HDR 3 POS 1.5mm Solder RA SMD Pico-SPOX T/R	MOLEX/87438-0343	Molex	87438-0343	Newark	15R3227	J4	1	22	0.4848	10.6656		Surface mount	http://datasheet.octopart.com/87438-0343-Molex-datasheet-101583800.pdf	http://datasheet.octopart.com/87438-0343-Molex-datasheet-120158180.pdf	http://datasheet.octopart.com/87438-0343-Molex-datasheet-120899.pdf	http://datasheet.octopart.com/87438-0343-Molex-datasheet-12542886.pdf	http://datasheet.octopart.com/87438-0343-Molex-datasheet-138898290.pdf	http://datasheet.octopart.com/87438-0343-Molex-datasheet-140189270.pdf	http://datasheet.octopart.com/87438-0343-Molex-datasheet-154760129.pdf	http://datasheet.octopart.com/87438-0343-Molex-datasheet-165158.pdf	http://datasheet.octopart.com/874380343-Molex-datasheet-166176.pdf	http://datasheet.octopart.com/87438-0343-Molex-datasheet-21209440.pdf	http://datasheet.octopart.com/87438-0343-Molex-datasheet-23711154.pdf	http://datasheet.octopart.com/87438-0343-Molex-datasheet-33004399.pdf	http://datasheet.octopart.com/87438-0343-Molex-datasheet-34135435.pdf	http://datasheet.octopart.com/87438-0343-Molex-datasheet-34442402.pdf	http://datasheet.octopart.com/87438-0343-Molex-datasheet-48881755.pdf	http://datasheet.octopart.com/87438-0343-Molex-datasheet-62116805.pdf	http://datasheet.octopart.com/87438-0343-Molex-datasheet-66635325.pdf	http://datasheet.octopart.com/87438-0343-Molex-datasheet-8321637.pdf	http://datasheet.octopart.com/87438-0343-Molex-datasheet-8611645.pdf	http://datasheet.octopart.com/87438-0343-Molex-datasheet-8611667.pdf	http://sigma.octopart.com/138898291/technical_drawing/Molex-87438-0343.pdf	http://sigma.octopart.com/20773738/technical_drawing/Molex-87438-0343.pdf									
Ferrite Beads Multi-Layer 33Ohm 25% 100MHz 750mA 90mOhm DCR 0201 Paper T/R	MURATA/BLM03PG330SN1D	Murata	BLM03PG330SN1D	Mouser	81-BLM03PG330SN1D	FB1	1	100	0.0156	1.5600		Surface mount	http://datasheet.octopart.com/BLM03PG330SN1D-Murata-datasheet-10083551.pdf	http://datasheet.octopart.com/BLM03PG330SN1D-Murata-datasheet-102761980.pdf	http://datasheet.octopart.com/BLM03PG330SN1D-Murata-datasheet-11802503.pdf	http://datasheet.octopart.com/BLM03PG330SN1D-Murata-datasheet-12522583.pdf	http://datasheet.octopart.com/BLM03PG330SN1D-Murata-datasheet-138706452.pdf	http://datasheet.octopart.com/BLM03PG330SN1D-Murata-datasheet-141257733.pdf	http://datasheet.octopart.com/BLM03PG330SN1D-Murata-datasheet-32036511.pdf	http://datasheet.octopart.com/BLM03PG330SN1D-Murata-datasheet-37129980.pdf	http://datasheet.octopart.com/BLM03PG330SN1D-Murata-datasheet-62287411.pdf	http://datasheet.octopart.com/BLM03PG330SN1D-Murata-datasheet-8508678.pdf																					
Inductor Power Shielded Wirewound 1uH 20% 1MHz Metal 1.6A 0.144Ohm DCR 0603 T/R	MURATA/DFE18SAN1R0ME0L	Murata	DFE18SAN1R0ME0L	Newark	57AC6593	L6	1	25	0.3132	7.8300		Surface mount	http://datasheet.octopart.com/DFE18SAN1R0ME0L-Murata-datasheet-138707307.pdf	http://datasheet.octopart.com/DFE18SAN1R0ME0L-Murata-datasheet-140568517.pdf	http://datasheet.octopart.com/DFE18SAN1R0ME0L-Murata-datasheet-140650243.pdf	http://datasheet.octopart.com/DFE18SAN1R0ME0L-Murata-datasheet-142295864.pdf	http://datasheet.octopart.com/DFE18SAN1R0ME0L-Murata-datasheet-145448861.pdf																										
Inductor Power Shielded Wirewound 2.2uH 20% 1MHz Metal 1.2A 0.228Ohm DCR 0805 T/R	MURATA/DFE201210U-2R2M=P2	Murata	DFE201210U-2R2M=P2	Mouser	81-DFE201210U-2R2MP2	L5	1	22	0.2436	5.3592		Surface mount	http://datasheet.octopart.com/DFE201210U-2R2M%3DP2-Murata-datasheet-138707354.pdf	http://datasheet.octopart.com/DFE201210U-2R2M%3DP2-Murata-datasheet-140568525.pdf	http://datasheet.octopart.com/DFE201210U-2R2M%3DP2-Murata-datasheet-140650289.pdf	http://datasheet.octopart.com/DFE201210U-2R2M%3DP2-Murata-datasheet-141261306.pdf	http://datasheet.octopart.com/DFE201210U-2R2M%3DP2-Murata-datasheet-145448869.pdf																										
0402 6 pF 50 V ±0.1 % Tolerance C0G/NP0 SMT Multilayer Ceramic Capacitor	MURATA/GCM1555C1H6R0BA16D	Murata	GCM1555C1H6R0BA16D	Newark	92AH4755	C80,C81	2	100	0.0372	3.7200		Surface mount																															
0201 22 pF 50 V ±1 % Tolerance C0G/NP0 Multilayer Ceramic Capacitor	MURATA/GRM0335C1H220FA01D	Murata	GRM0335C1H220FA01D	Mouser	81-GRM0335C1H220FA1D	C7,C8	2	100	0.0132	1.3200		Surface mount	http://datasheet.octopart.com/GRM0335C1H220FA01D-Murata-datasheet-10025737.pdf	http://datasheet.octopart.com/GRM0335C1H220FA01D-Murata-datasheet-11978611.pdf	http://datasheet.octopart.com/GRM0335C1H220FA01D-Murata-datasheet-12510076.pdf	http://datasheet.octopart.com/GRM0335C1H220FA01D-Murata-datasheet-12515295.pdf	http://datasheet.octopart.com/GRM0335C1H220FA01D-Murata-datasheet-138737155.pdf	http://datasheet.octopart.com/GRM0335C1H220FA01D-Murata-datasheet-140674372.pdf	http://datasheet.octopart.com/GRM0335C1H220FA01D-Murata-datasheet-141274005.pdf	http://datasheet.octopart.com/GRM0335C1H220FA01D-Murata-datasheet-8819587.pdf																							
GRM Series 0201 4 Ohm 50 V ±0.1 pF Tolerance C0G Multilayer Ceramic Capacitor	MURATA/GRM0335C1H4R0BA01D	Murata	GRM0335C1H4R0BA01D	Newark	66AH6053	C5,C6	2	100	0.0060	0.6000		Surface mount	http://datasheet.octopart.com/GRM0335C1H4R0BA01D-Murata-datasheet-10025737.pdf	http://datasheet.octopart.com/GRM0335C1H4R0BA01D-Murata-datasheet-102370999.pdf	http://datasheet.octopart.com/GRM0335C1H4R0BA01D-Murata-datasheet-11978611.pdf	http://datasheet.octopart.com/GRM0335C1H4R0BA01D-Murata-datasheet-12510076.pdf	http://datasheet.octopart.com/GRM0335C1H4R0BA01D-Murata-datasheet-12515295.pdf	http://datasheet.octopart.com/GRM0335C1H4R0BA01D-Murata-datasheet-128593166.pdf	http://datasheet.octopart.com/GRM0335C1H4R0BA01D-Murata-datasheet-138737243.pdf	http://datasheet.octopart.com/GRM0335C1H4R0BA01D-Murata-datasheet-140674455.pdf	http://datasheet.octopart.com/GRM0335C1H4R0BA01D-Murata-datasheet-141274027.pdf	http://datasheet.octopart.com/GRM0335C1H4R0BA01D-Murata-datasheet-14395956.pdf	http://datasheet.octopart.com/GRM0335C1H4R0BA01D-Murata-datasheet-8819587.pdf	http://datasheet.octopart.com/GRM0335C1H4R0BA01D-Murata-datasheet-99353796.pdf																			
Ceramic Capacitor, Multilayer, Ceramic, 10V, 20% +Tol, 20% -Tol, X5R, 15% TC, 1uF, Surface Mount, 0201	MURATA/GRM033R61A105ME44D	Murata	GRM033R61A105ME44D			C62,C63,C64,C65,C77,C78,C90,C91,C93,C79	10	170	0.0120	2.0400		Surface mount	http://datasheet.octopart.com/GRM033R61A105ME44D-Murata-datasheet-10025737.pdf	http://datasheet.octopart.com/GRM033R61A105ME44D-Murata-datasheet-11978611.pdf	http://datasheet.octopart.com/GRM033R61A105ME44D-Murata-datasheet-12510076.pdf	http://datasheet.octopart.com/GRM033R61A105ME44D-Murata-datasheet-12515295.pdf	http://datasheet.octopart.com/GRM033R61A105ME44D-Murata-datasheet-138738382.pdf	http://datasheet.octopart.com/GRM033R61A105ME44D-Murata-datasheet-140676071.pdf	http://datasheet.octopart.com/GRM033R61A105ME44D-Murata-datasheet-141274201.pdf	http://datasheet.octopart.com/GRM033R61A105ME44D-Murata-datasheet-149975212.pdf	http://datasheet.octopart.com/GRM033R61A105ME44D-Murata-datasheet-32479577.pdf	http://datasheet.octopart.com/GRM033R61A105ME44D-Murata-datasheet-8819587.pdf																					
Multilayer Ceramic Capacitor, 2.2 uF, 10 V, ï¿½ 10%, X5R, 0201 [0603 Metric]	MURATA/GRM033R61A225KE47D	Murata	GRM033R61A225KE47D	Mouser	81-GRM033R61A225KE7D	C58,C59,C60,C61,C66,C67,C70,C71,C72,C73,C74,C75	12	194	0.0864	16.7616		Surface mount	http://datasheet.octopart.com/GRM033R61A225KE47D-Murata-datasheet-10025737.pdf	http://datasheet.octopart.com/GRM033R61A225KE47D-Murata-datasheet-11978611.pdf	http://datasheet.octopart.com/GRM033R61A225KE47D-Murata-datasheet-12510076.pdf	http://datasheet.octopart.com/GRM033R61A225KE47D-Murata-datasheet-12515295.pdf	http://datasheet.octopart.com/GRM033R61A225KE47D-Murata-datasheet-138738405.pdf	http://datasheet.octopart.com/GRM033R61A225KE47D-Murata-datasheet-140676278.pdf	http://datasheet.octopart.com/GRM033R61A225KE47D-Murata-datasheet-141274204.pdf	http://datasheet.octopart.com/GRM033R61A225KE47D-Murata-datasheet-86568078.pdf	http://datasheet.octopart.com/GRM033R61A225KE47D-Murata-datasheet-8819587.pdf																						
0402 470 pF 50 V ±5% Tolerance C0G Multilayer Ceramic Chip Capacitor	MURATA/GRM1555C1H471JA01J	Murata	GRM1555C1H471JA01J	Mouser	81-GRM1555C1H471JA1J	C10,C9	2	100	0.0108	1.0800		Surface mount	http://datasheet.octopart.com/GRM1555C1H471JA01J-Murata-datasheet-10025737.pdf	http://datasheet.octopart.com/GRM1555C1H471JA01J-Murata-datasheet-11561359.pdf	http://datasheet.octopart.com/GRM1555C1H471JA01J-Murata-datasheet-11978611.pdf	http://datasheet.octopart.com/GRM1555C1H471JA01J-Murata-datasheet-12510076.pdf	http://datasheet.octopart.com/GRM1555C1H471JA01J-Murata-datasheet-12515295.pdf	http://datasheet.octopart.com/GRM1555C1H471JA01J-Murata-datasheet-12528556.pdf	http://datasheet.octopart.com/GRM1555C1H471JA01J-Murata-datasheet-138739620.pdf	http://datasheet.octopart.com/GRM1555C1H471JA01J-Murata-datasheet-140682242.pdf	http://datasheet.octopart.com/GRM1555C1H471JA01J-Murata-datasheet-141274223.pdf	http://datasheet.octopart.com/GRM1555C1H471JA01J-Murata-datasheet-155239019.pdf	http://datasheet.octopart.com/GRM1555C1H471JA01J-Murata-datasheet-62329913.pdf	http://datasheet.octopart.com/GRM1555C1H471JA01J-Murata-datasheet-8819587.pdf																			
0402 1 uF 6.3 V ±10% Tolerance X7R Multilayer Ceramic Capacitor	MURATA/GRM155R70J105KA12J	Murata	GRM155R70J105KA12J	Mouser	81-GRM155R70J105KA2J	C40,C41,C42,C44	4	100	0.0144	1.4400		Surface mount	http://datasheet.octopart.com/GRM155R70J105KA12J-Murata-datasheet-10025737.pdf	http://datasheet.octopart.com/GRM155R70J105KA12J-Murata-datasheet-11978611.pdf	http://datasheet.octopart.com/GRM155R70J105KA12J-Murata-datasheet-12510076.pdf	http://datasheet.octopart.com/GRM155R70J105KA12J-Murata-datasheet-12515295.pdf	http://datasheet.octopart.com/GRM155R70J105KA12J-Murata-datasheet-138740850.pdf	http://datasheet.octopart.com/GRM155R70J105KA12J-Murata-datasheet-140690692.pdf	http://datasheet.octopart.com/GRM155R70J105KA12J-Murata-datasheet-141266224.pdf	http://datasheet.octopart.com/GRM155R70J105KA12J-Murata-datasheet-155345054.pdf	http://datasheet.octopart.com/GRM155R70J105KA12J-Murata-datasheet-17504165.pdf	http://datasheet.octopart.com/GRM155R70J105KA12J-Murata-datasheet-32479577.pdf	http://datasheet.octopart.com/GRM155R70J105KA12J-Murata-datasheet-8819587.pdf																				
Multilayer Ceramic Capacitor, 0.1 uF, 16 V, ï¿½ 10%, X7R, 0402 [1005 Metric]	MURATA/GRM155R71C104KA88J	Murata	GRM155R71C104KA88J	Mouser	81-GRM155R71C104KA8J	C27,C28,C29,C30	4	100	0.0084	0.8400		Surface mount	http://datasheet.octopart.com/GRM155R71C104KA88J-Murata-datasheet-10025737.pdf	http://datasheet.octopart.com/GRM155R71C104KA88J-Murata-datasheet-11978611.pdf	http://datasheet.octopart.com/GRM155R71C104KA88J-Murata-datasheet-12510076.pdf	http://datasheet.octopart.com/GRM155R71C104KA88J-Murata-datasheet-12515295.pdf	http://datasheet.octopart.com/GRM155R71C104KA88J-Murata-datasheet-12555248.pdf	http://datasheet.octopart.com/GRM155R71C104KA88J-Murata-datasheet-138740890.pdf	http://datasheet.octopart.com/GRM155R71C104KA88J-Murata-datasheet-140690972.pdf	http://datasheet.octopart.com/GRM155R71C104KA88J-Murata-datasheet-141266224.pdf	http://datasheet.octopart.com/GRM155R71C104KA88J-Murata-datasheet-22122223.pdf	http://datasheet.octopart.com/GRM155R71C104KA88J-Murata-datasheet-39128469.pdf	http://datasheet.octopart.com/GRM155R71C104KA88J-Murata-datasheet-44106314.pdf	http://datasheet.octopart.com/GRM155R71C104KA88J-Murata-datasheet-6387203.pdf	http://datasheet.octopart.com/GRM155R71C104KA88J-Murata-datasheet-66077077.pdf	http://datasheet.octopart.com/GRM155R71C104KA88J-Murata-datasheet-83187953.pdf	http://datasheet.octopart.com/GRM155R71C104KA88J-Murata-datasheet-8819587.pdf																
0402 0.022 uF 25 V ±5% Tolerance X7R Multilayer Ceramic Capacitor	MURATA/GRM155R71E223JA61D	Murata	GRM155R71E223JA61D	Newark	03AJ1592	C17,C18,C19	3	100	0.0120	1.2000		Surface mount	http://datasheet.octopart.com/GRM155R71E223JA61D-Murata-datasheet-10025737.pdf	http://datasheet.octopart.com/GRM155R71E223JA61D-Murata-datasheet-11978611.pdf	http://datasheet.octopart.com/GRM155R71E223JA61D-Murata-datasheet-12510076.pdf	http://datasheet.octopart.com/GRM155R71E223JA61D-Murata-datasheet-12515295.pdf	http://datasheet.octopart.com/GRM155R71E223JA61D-Murata-datasheet-138740947.pdf	http://datasheet.octopart.com/GRM155R71E223JA61D-Murata-datasheet-140691385.pdf	http://datasheet.octopart.com/GRM155R71E223JA61D-Murata-datasheet-141266224.pdf	http://datasheet.octopart.com/GRM155R71E223JA61D-Murata-datasheet-14400591.pdf	http://datasheet.octopart.com/GRM155R71E223JA61D-Murata-datasheet-149523063.pdf	http://datasheet.octopart.com/GRM155R71E223JA61D-Murata-datasheet-32479577.pdf	http://datasheet.octopart.com/GRM155R71E223JA61D-Murata-datasheet-8819587.pdf																				
Multilayer Ceramic Capacitor, 0.01 uF, 50 V, ï¿½ 10%, X7R, 0402 [1005 Metric]	MURATA/GRM155R71H103KA88J	Murata	GRM155R71H103KA88J	Newark	66AJ7188	C15,C16	2	100	0.0096	0.9600		Surface mount	http://datasheet.octopart.com/GRM155R71H103KA88J-Murata-datasheet-10025737.pdf	http://datasheet.octopart.com/GRM155R71H103KA88J-Murata-datasheet-11800028.pdf	http://datasheet.octopart.com/GRM155R71H103KA88J-Murata-datasheet-11978611.pdf	http://datasheet.octopart.com/GRM155R71H103KA88J-Murata-datasheet-12510076.pdf	http://datasheet.octopart.com/GRM155R71H103KA88J-Murata-datasheet-12515295.pdf	http://datasheet.octopart.com/GRM155R71H103KA88J-Murata-datasheet-12544023.pdf	http://datasheet.octopart.com/GRM155R71H103KA88J-Murata-datasheet-13530826.pdf	http://datasheet.octopart.com/GRM155R71H103KA88J-Murata-datasheet-138740980.pdf	http://datasheet.octopart.com/GRM155R71H103KA88J-Murata-datasheet-140568805.pdf	http://datasheet.octopart.com/GRM155R71H103KA88J-Murata-datasheet-140689249.pdf	http://datasheet.octopart.com/GRM155R71H103KA88J-Murata-datasheet-140691758.pdf	http://datasheet.octopart.com/GRM155R71H103KA88J-Murata-datasheet-155345057.pdf	http://datasheet.octopart.com/GRM155R71H103KA88J-Murata-datasheet-22122223.pdf	http://datasheet.octopart.com/GRM155R71H103KA88J-Murata-datasheet-39128469.pdf	http://datasheet.octopart.com/GRM155R71H103KA88J-Murata-datasheet-8329667.pdf	http://datasheet.octopart.com/GRM155R71H103KA88J-Murata-datasheet-8819587.pdf															
Multilayer Ceramic Capacitor, 0.1 uF, 50 V, ï¿½ 5%, C0G (NP0), 1206 [3216 Metric]	MURATA/GRM31C5C1H104JA01L	Murata	GRM31C5C1H104JA01L	Mouser	81-GRM31C5C1H104JA1L	C11	1	22	0.2772	6.0984		Surface mount	http://datasheet.octopart.com/GRM31C5C1H104JA01L-Murata-datasheet-10025737.pdf	http://datasheet.octopart.com/GRM31C5C1H104JA01L-Murata-datasheet-11759111.pdf	http://datasheet.octopart.com/GRM31C5C1H104JA01L-Murata-datasheet-11978611.pdf	http://datasheet.octopart.com/GRM31C5C1H104JA01L-Murata-datasheet-12510076.pdf	http://datasheet.octopart.com/GRM31C5C1H104JA01L-Murata-datasheet-12515295.pdf	http://datasheet.octopart.com/GRM31C5C1H104JA01L-Murata-datasheet-12526276.pdf	http://datasheet.octopart.com/GRM31C5C1H104JA01L-Murata-datasheet-138746190.pdf	http://datasheet.octopart.com/GRM31C5C1H104JA01L-Murata-datasheet-140708920.pdf	http://datasheet.octopart.com/GRM31C5C1H104JA01L-Murata-datasheet-141280264.pdf	http://datasheet.octopart.com/GRM31C5C1H104JA01L-Murata-datasheet-22122223.pdf	http://datasheet.octopart.com/GRM31C5C1H104JA01L-Murata-datasheet-44109283.pdf	http://datasheet.octopart.com/GRM31C5C1H104JA01L-Murata-datasheet-46741993.pdf	http://datasheet.octopart.com/GRM31C5C1H104JA01L-Murata-datasheet-59876780.pdf	http://datasheet.octopart.com/GRM31C5C1H104JA01L-Murata-datasheet-8819587.pdf	http://datasheet.octopart.com/GRM31C5C1H104JA01L-Murata-datasheet-96971104.pdf																
Cap Ceramic 0.47uF 25V X5R 20% Pad SMD 0402 85C Automotive T/R	MURATA/GRT155R61E474ME01D	Murata	GRT155R61E474ME01D	Mouser	81-GRT155R61E474ME1D	C38,C39	2	34	0.3996	13.5864		Surface mount																															
Inductor Chip 2.2nH 0.1nH Tolerance 2-Pin 0402 Paper T/R	MURATA/LQG15HN2N2B02D	Murata	LQG15HN2N2B02D	Mouser	81-LQG15HN2N2B02D	L8	1	100	0.0528	5.2800		Surface mount																															
General Purpose Inductor, 0.002uH, 5%, 1 Element, SMD, CHIP, 0402	MURATA/LQG15HS2N0B02D	Murata	LQG15HS2N0B02D	Digi-Key	490-LQG15HS2N0B02DCT-ND	L7	1	100	0.0593	5.9280		Surface mount	http://datasheet.octopart.com/LQG15HS2N0B02D-Murata-datasheet-138753338.pdf	http://datasheet.octopart.com/LQG15HS2N0B02D-Murata-datasheet-140712219.pdf	http://datasheet.octopart.com/LQG15HS2N0B02D-Murata-datasheet-141286126.pdf	http://datasheet.octopart.com/LQG15HS2N0B02D-Murata-datasheet-145449626.pdf	http://datasheet.octopart.com/LQG15HS2N0B02D-Murata-datasheet-150009271.pdf																										
Conn Coaxial RCP 0Hz to 11GHz 50Ohm Solder ST SMD Reel / CONN UMC RCPT STR 50 OHM SMD	MURATA/MM8030-2610RK0	Murata	MM8030-2610RK0	Mouser	81-MM8030-2610RK0	S4	1	22	0.1560	3.4320		Surface mount	http://datasheet.octopart.com/MM8030-2610RK0-Murata-datasheet-140462597.pdf	http://datasheet.octopart.com/MM8030-2610RK0-Murata-datasheet-14049754.pdf																													
Ntc Thermistor, 10Kohm, 0402 Rohs Compliant: Yes |Murata NCU15XH103F60RC	MURATA/NCU15XH103F60RC	Murata	NCU15XH103F60RC	Mouser	81-NCU15XH103F60RC	RT1	1	100	0.0576	5.7600		Surface mount	http://datasheet.octopart.com/NCU15XH103F60RC-Murata-datasheet-138710188.pdf	http://datasheet.octopart.com/NCU15XH103F60RC-Murata-datasheet-141294565.pdf	http://sigma.octopart.com/140084259/technical_drawing/Murata-NCU15XH103F60RC.pdf																												
PESD Series 10 V 0.95 pF Uni-Directional ESD Protection Diode - SOD-523	NEXPERIA/PESD5V0X1UB,135	Nexperia	PESD5V0X1UB,135	Mouser	771-PESD5V0X1UB135	D3	1	22	0.3168	6.9696		Surface mount	http://datasheet.octopart.com/PESD5V0X1UB%2C135-Nexperia-datasheet-11046601.pdf	http://datasheet.octopart.com/PESD5V0X1UB%2C135-Nexperia-datasheet-87844249.pdf																													
Speakers & Transducers 3 VP-P 90 MA SMT TRANSDUCER	PA/SMT-0440-T-2-R	PUI Audio	SMT-0440-T-2-R	Mouser	665-SMT-0440-T-2-R	LS1	1	15	2.8080	42.1200		Surface mount	http://datasheet.octopart.com/SMT-0440-T-2-R-PUI-Audio-datasheet-154249315.pdf																														
Res Thick Film 0201 261K Ohm 1% 1/20W ±200ppm/°C Molded SMD SMD T/R	PANASONIC/ERJ-1GNF2613C	Panasonic	ERJ-1GNF2613C	Mouser	667-ERJ-1GNF2613C	R26	1	100	0.0168	1.6800		Surface mount																															
Res Thick Film 0201 402K Ohm 1% 1/20W ±200ppm/°C Molded SMD SMD T/R	PANASONIC/ERJ-1GNF4023C	Panasonic	ERJ-1GNF4023C	Mouser	667-ERJ-1GNF4023C	R27	1	100	0.0168	1.6800		Surface mount																															
Res Thick Film 0201 845K Ohm 1% 1/20W ±200ppm/°C Molded SMD SMD T/R	PANASONIC/ERJ-1GNF8453C	Panasonic	ERJ-1GNF8453C	Mouser	667-ERJ-1GNF8453C	R28,R29	2	100	0.0168	1.6800		Surface mount	http://datasheet.octopart.com/ERJ-1GNF8453C-Panasonic-datasheet-11629040.pdf	http://datasheet.octopart.com/ERJ-1GNF8453C-Panasonic-datasheet-13266541.pdf	http://datasheet.octopart.com/ERJ-1GNF8453C-Panasonic-datasheet-154766169.pdf	http://datasheet.octopart.com/ERJ-1GNF8453C-Panasonic-datasheet-78375410.pdf	http://datasheet.octopart.com/ERJ1GNF8453C-Panasonic-datasheet-82288794.pdf	http://datasheet.octopart.com/Precision-Thick-Film-Chip-Resistors-Panasonic-datasheet-family-106.pdf																									
UWB Transceiver IC, non AOA, WLCSP	QORVO/DW3110TR13	Qorvo	DW3110TR13	Mouser	772-DW3110TR13	U2	1	12	12.8400	154.0800		Surface mount																															
UWB bypass switch and LNA, 6.2 - 8.3 GHz	QORVO/QM14068	Qorvo	QM14068	user-25598	Consign	U7	1	12		0.0000		Surface mount																															
RT8020 Series 5.5 V 1.5 MHz 1 A Dual PWM Step-Down DC-DC Converter - DFN-12W	RICHTEK/RT8020GQW	Richtek	RT8020GQW	Digi-Key	1028-1032-1-ND	VR1	1	16	1.2600	20.1600		Surface mount	http://datasheet.octopart.com/RT8020GQW-Richtek-datasheet-103055696.pdf	http://datasheet.octopart.com/RT8020GQW-Richtek-datasheet-12511786.pdf	http://datasheet.octopart.com/RT8020GQW-Richtek-datasheet-14168583.pdf	http://datasheet.octopart.com/RT8020GQW-Richtek-datasheet-145014622.pdf	http://datasheet.octopart.com/RT8020GQW-Richtek-datasheet-159008034.pdf	http://datasheet.octopart.com/RT8020GQW-Richtek-datasheet-21404912.pdf																									
Multilayer Ceramic Capacitor, 0.1 uF, 10 V, ï¿½ 10%, X5R, 0402 [1005 Metric]	SAMSUNG/CL05A104KP5NNNC	Samsung	CL05A104KP5NNNC	Mouser	187-CL05A104KP5NNNC	C23,C25,C26,C31,C32,C33,C34,C35,C36	9	158	0.0060	0.9480		Surface mount	http://datasheet.octopart.com/CL05A104KP5NNNC-Samsung-datasheet-42280511.pdf	http://datasheet.octopart.com/CL05A104KP5NNNC-Samsung-datasheet-59220082.pdf	http://datasheet.octopart.com/CL05A104KP5NNNC-Samsung-Electro-Mechanics-datasheet-110226197.pdf	http://datasheet.octopart.com/CL05A104KP5NNNC-Samsung-Electro-Mechanics-datasheet-11780788.pdf	http://datasheet.octopart.com/CL05A104KP5NNNC-Samsung-Electro-Mechanics-datasheet-136031717.pdf	http://datasheet.octopart.com/CL05A104KP5NNNC-Samsung-Electro-Mechanics-datasheet-149136630.pdf	http://datasheet.octopart.com/CL05A104KP5NNNC-Samsung-Electro-Mechanics-datasheet-81461587.pdf	http://datasheet.octopart.com/CL05A104KP5NNNC-Samsung-Electro-Mechanics-datasheet-8324245.pdf	http://datasheet.octopart.com/CL05A104KP5NNNC-Samsung-Electro-Mechanics-datasheet-97040617.pdf	http://datasheet.octopart.com/General-Multilayer-Ceramic-Capacitors-Samsung-datasheet-family-111.pdf																					
Multilayer Ceramic Capacitor, 4.7 uF, 10 V, ï¿½ 20%, X5R, 0402 [1005 Metric]	SAMSUNG/CL05A475MP5NRNC	Samsung	CL05A475MP5NRNC	Mouser	187-CL05A475MP5NRNC	C69	1	100	0.0252	2.5200		Surface mount	http://datasheet.octopart.com/CL05A475MP5NRNC-Samsung-datasheet-26589015.pdf	http://datasheet.octopart.com/CL05A475MP5NRNC-Samsung-datasheet-34153549.pdf	http://datasheet.octopart.com/CL05A475MP5NRNC-Samsung-datasheet-48647200.pdf	http://datasheet.octopart.com/CL05A475MP5NRNC-Samsung-datasheet-8324245.pdf	http://datasheet.octopart.com/CL05A475MP5NRNC-Samsung-Electro-Mechanics-datasheet-110226226.pdf	http://datasheet.octopart.com/CL05A475MP5NRNC-Samsung-Electro-Mechanics-datasheet-136031736.pdf	http://datasheet.octopart.com/CL05A475MP5NRNC-Samsung-Electro-Mechanics-datasheet-149136695.pdf	http://datasheet.octopart.com/CL05A475MP5NRNC-Samsung-Electro-Mechanics-datasheet-81461611.pdf	http://datasheet.octopart.com/CL05A475MP5NRNC-Samsung-Electro-Mechanics-datasheet-87580058.pdf																						
RF Switch SP3T 100MHz to 6GHz 18dB Automotive 12-Pin QFN EP T/R	SS2/SKY13373-460LF	Skyworks Solutions	SKY13373-460LF	Mouser	873-SKY13373-460LF	S2	1	16	1.2720	20.3520		Surface mount	http://datasheet.octopart.com/SKY13373-460LF-Skyworks-Solutions-datasheet-11012617.pdf	http://datasheet.octopart.com/SKY13373-460LF-Skyworks-Solutions-datasheet-137184574.pdf	http://datasheet.octopart.com/SKY13373-460LF-Skyworks-Solutions-datasheet-38206044.pdf																												
Res Thick Film 0402 162 Ohm 1% 0.063W(1/16W) ±100ppm/C Pad SMD Automotive T/R	STACKPOLE/RMCF0402FT162R	Stackpole Electronics	RMCF0402FT162R	Mouser	708-RMCF0402FT162R	R8,R9	2	100	0.0060	0.6000		Surface mount	http://datasheet.octopart.com/RMCF0402FT162R-Stackpole-Electronics-datasheet-10788263.pdf	http://datasheet.octopart.com/RMCF0402FT162R-Stackpole-Electronics-datasheet-12534581.pdf	http://datasheet.octopart.com/RMCF0402FT162R-Stackpole-Electronics-datasheet-141193804.pdf	http://datasheet.octopart.com/RMCF0402FT162R-Stackpole-Electronics-datasheet-28504820.pdf	http://datasheet.octopart.com/RMCF0402FT162R-Stackpole-Electronics-datasheet-62091608.pdf																										
Res Thick Film 0402 1.87M Ohm 1% 0.063W ±200ppm/°C Molded SMD Paper T/R	STACKPOLE/RMCF0402FT1M87	Stackpole Electronics	RMCF0402FT1M87	Digi-Key	RMCF0402FT1M87CT-ND	R30	1	100	0.0102	1.0200		Surface mount																															
Res Thick Film 0402 5.1K Ohm 1% 0.063W ±100ppm/°C Molded SMD Paper T/R	STACKPOLE/RMCF0402FT5K10	Stackpole Electronics	RMCF0402FT5K10	Mouser	708-RMCF0402FT5K10	XR16,XR17	2	100	0.0060	0.6000		Surface mount	http://datasheet.octopart.com/RMCF0402FT5K10-Stackpole-Electronics-datasheet-10788263.pdf	http://datasheet.octopart.com/RMCF0402FT5K10-Stackpole-Electronics-datasheet-12510902.pdf	http://datasheet.octopart.com/RMCF0402FT5K10-Stackpole-Electronics-datasheet-12534581.pdf	http://datasheet.octopart.com/RMCF0402FT5K10-Stackpole-Electronics-datasheet-141193804.pdf	http://datasheet.octopart.com/RMCF0402FT5K10-Stackpole-Electronics-datasheet-28504820.pdf	http://datasheet.octopart.com/RMCF0402FT5K10-Stackpole-Electronics-datasheet-62091608.pdf																									
Res Thick Film 0402 5.1M Ohm 1% 0.063W ±200ppm/°C Molded SMD Paper T/R	STACKPOLE/RMCF0402FT5M10	Stackpole Electronics	RMCF0402FT5M10	Mouser	708-RMCF0402FT5M10	R31,R33,R34	3	100	0.0072	0.7200		Surface mount	http://datasheet.octopart.com/RMCF0402FT5M10-Stackpole-Electronics-datasheet-10788263.pdf	http://datasheet.octopart.com/RMCF0402FT5M10-Stackpole-Electronics-datasheet-12534581.pdf	http://datasheet.octopart.com/RMCF0402FT5M10-Stackpole-Electronics-datasheet-141193804.pdf	http://datasheet.octopart.com/RMCF0402FT5M10-Stackpole-Electronics-datasheet-28504820.pdf	http://datasheet.octopart.com/RMCF0402FT5M10-Stackpole-Electronics-datasheet-62091608.pdf																										
Res Thick Film 0402 97.6 Ohm 1% 0.063W ±100ppm/°C Molded SMD Paper T/R	STACKPOLE/RMCF0402FT97R6	Stackpole Electronics	RMCF0402FT97R6	Digi-Key	738-RMCF0402FT97R6CT-ND	R6,R7	2	100	0.0084	0.8400		Surface mount	http://datasheet.octopart.com/RMCF0402FT97R6-Stackpole-Electronics-datasheet-10788263.pdf	http://datasheet.octopart.com/RMCF0402FT97R6-Stackpole-Electronics-datasheet-12534581.pdf	http://datasheet.octopart.com/RMCF0402FT97R6-Stackpole-Electronics-datasheet-141193804.pdf	http://datasheet.octopart.com/RMCF0402FT97R6-Stackpole-Electronics-datasheet-28504820.pdf	http://datasheet.octopart.com/RMCF0402FT97R6-Stackpole-Electronics-datasheet-62091608.pdf																										
Res Thick Film 0402 0 Ohm Jumper Molded SMD Paper T/R	STACKPOLE/RMCF0402ZT0R00	Stackpole Electronics	RMCF0402ZT0R00	Mouser	708-RMCF0402ZT0R00	RZ10,RZ11,RZ4,RZ6,RZ7,RZ8,RZ9	7	134	0.0036	0.4824		Surface mount	http://datasheet.octopart.com/RMCF0402ZT0R00-Stackpole-Electronics-datasheet-10788263.pdf	http://datasheet.octopart.com/RMCF0402ZT0R00-Stackpole-Electronics-datasheet-11547379.pdf	http://datasheet.octopart.com/RMCF0402ZT0R00-Stackpole-Electronics-datasheet-12534581.pdf	http://datasheet.octopart.com/RMCF0402ZT0R00-Stackpole-Electronics-datasheet-141193804.pdf	http://datasheet.octopart.com/RMCF0402ZT0R00-Stackpole-Electronics-datasheet-154799224.pdf	http://datasheet.octopart.com/RMCF0402ZT0R00-Stackpole-Electronics-datasheet-28504820.pdf	http://datasheet.octopart.com/RMCF0402ZT0R00-Stackpole-Electronics-datasheet-62091608.pdf	http://datasheet.octopart.com/RMCF0402ZT0R00-Stackpole-Electronics-datasheet-8324226.pdf	http://datasheet.octopart.com/RMCF0402ZT0R00-Stackpole-Electronics-datasheet-8359789.pdf																						
Res Thkflm 0603 0 Ohm Jumper 1/10W 100Ppm/ C Smd Rohs Compliant: Yes	STACKPOLE/RMCF0603ZT0R00	Stackpole Electronics	RMCF0603ZT0R00	Mouser	708-RMCF0603ZT0R00	RZ1,RZ2	2	100	0.0060	0.6000		Surface mount	http://datasheet.octopart.com/RMCF0603ZT0R00-Stackpole-Electronics-datasheet-10788263.pdf	http://datasheet.octopart.com/RMCF0603ZT0R00-Stackpole-Electronics-datasheet-11546843.pdf	http://datasheet.octopart.com/RMCF0603ZT0R00-Stackpole-Electronics-datasheet-11547379.pdf	http://datasheet.octopart.com/RMCF0603ZT0R00-Stackpole-Electronics-datasheet-116606903.pdf	http://datasheet.octopart.com/RMCF0603ZT0R00-Stackpole-Electronics-datasheet-12534581.pdf	http://datasheet.octopart.com/RMCF0603ZT0R00-Stackpole-Electronics-datasheet-141193804.pdf	http://datasheet.octopart.com/RMCF0603ZT0R00-Stackpole-Electronics-datasheet-154799224.pdf	http://datasheet.octopart.com/RMCF0603ZT0R00-Stackpole-Electronics-datasheet-28504820.pdf	http://datasheet.octopart.com/RMCF0603ZT0R00-Stackpole-Electronics-datasheet-62091608.pdf	http://datasheet.octopart.com/RMCF0603ZT0R00-Stackpole-Electronics-datasheet-8324226.pdf	http://datasheet.octopart.com/RMCF0603ZT0R00-Stackpole-Electronics-datasheet-8359789.pdf																				
Inductor Power Shielded Wirewound 10uH 20% 100KHz Ferrite 0.71A 0.276Ohm DCR 1212 T/R	TAIYOYUDEN/NR3015T100M	Taiyo Yuden	NR3015T100M	Digi-Key	587-1650-1-ND	L1,L2	2	34	0.2606	8.8618		Surface mount	http://datasheet.octopart.com/NR3015T100M-Taiyo-Yuden-datasheet-10031713.pdf	http://datasheet.octopart.com/NR3015T100M-Taiyo-Yuden-datasheet-101669872.pdf	http://datasheet.octopart.com/NR3015T100M-Taiyo-Yuden-datasheet-10283011.pdf	http://datasheet.octopart.com/NR3015T100M-Taiyo-Yuden-datasheet-10408854.pdf	http://datasheet.octopart.com/NR3015T100M-Taiyo-Yuden-datasheet-10545600.pdf	http://datasheet.octopart.com/NR3015T100M-Taiyo-Yuden-datasheet-10549048.pdf	http://datasheet.octopart.com/NR3015T100M-Taiyo-Yuden-datasheet-10618026.pdf	http://datasheet.octopart.com/NR3015T100M-Taiyo-Yuden-datasheet-10620942.pdf	http://datasheet.octopart.com/NR3015T100M-Taiyo-Yuden-datasheet-10622963.pdf	http://datasheet.octopart.com/NR3015T100M-Taiyo-Yuden-datasheet-10671320.pdf	http://datasheet.octopart.com/NR3015T100M-Taiyo-Yuden-datasheet-10742123.pdf	http://datasheet.octopart.com/NR3015T100M-Taiyo-Yuden-datasheet-10854574.pdf	http://datasheet.octopart.com/NR3015T100M-Taiyo-Yuden-datasheet-118848.pdf	http://datasheet.octopart.com/NR3015T100M-Taiyo-Yuden-datasheet-118905.pdf	http://datasheet.octopart.com/NR3015T100M-Taiyo-Yuden-datasheet-119523.pdf	http://datasheet.octopart.com/NR3015T100M-Taiyo-Yuden-datasheet-120265.pdf	http://datasheet.octopart.com/NR3015T100M-Taiyo-Yuden-datasheet-13712977.pdf	http://datasheet.octopart.com/NR3015T100M-Taiyo-Yuden-datasheet-14066635.pdf	http://datasheet.octopart.com/NR3015T100M-Taiyo-Yuden-datasheet-141251735.pdf	http://datasheet.octopart.com/NR3015T100M-Taiyo-Yuden-datasheet-154809638.pdf	http://datasheet.octopart.com/NR3015T100M-Taiyo-Yuden-datasheet-1645.pdf	http://datasheet.octopart.com/NR3015T100M-Taiyo-Yuden-datasheet-17274180.pdf	http://datasheet.octopart.com/NR3015T100M-Taiyo-Yuden-datasheet-21217700.pdf	http://datasheet.octopart.com/NR3015T100M-Taiyo-Yuden-datasheet-41181802.pdf	http://datasheet.octopart.com/NR3015T100M-Taiyo-Yuden-datasheet-5326109.pdf	http://datasheet.octopart.com/NR3015T100M-Taiyo-Yuden-datasheet-62109551.pdf	http://datasheet.octopart.com/NR3015T100M-Taiyo-Yuden-datasheet-65973303.pdf	http://datasheet.octopart.com/NR3015T100M-Taiyo-Yuden-datasheet-8820216.pdf	http://datasheet.octopart.com/NR3015T100M-Taiyo-Yuden-datasheet-8836259.pdf	http://datasheet.octopart.com/NR3015T100M-Taiyo-Yuden-datasheet-8857305.pdf	http://datasheet.octopart.com/NR3015T100M-Taiyo-Yuden-datasheet-99833426.pdf
Ceramic Capacitor, Multilayer, Ceramic, 50V, 10% -Tol, X7R, 15% Tc, 0.1Uf, Surface Mount, 0603	TDK/C1608X7R1H104K080AA	TDK	C1608X7R1H104K080AA	Mouser	810-C1608X7R1H104K	C22,C24	2	100	0.0276	2.7600		Surface mount	http://datasheet.octopart.com/C1608X7R1H104K080AA-TDK-datasheet-10978788.pdf	http://datasheet.octopart.com/C1608X7R1H104K080AA-TDK-datasheet-12509848.pdf	http://datasheet.octopart.com/C1608X7R1H104K080AA-TDK-datasheet-128946.pdf	http://datasheet.octopart.com/C1608X7R1H104K080AA-TDK-datasheet-13376850.pdf	http://datasheet.octopart.com/C1608X7R1H104K080AA-TDK-datasheet-151546523.pdf	http://datasheet.octopart.com/C1608X7R1H104K080AA-TDK-datasheet-15994800.pdf	http://datasheet.octopart.com/C1608X7R1H104K080AA-TDK-datasheet-20675657.pdf	http://datasheet.octopart.com/C1608X7R1H104K080AA-TDK-datasheet-20681607.pdf	http://datasheet.octopart.com/C1608X7R1H104K080AA-TDK-datasheet-41194876.pdf	http://datasheet.octopart.com/C1608X7R1H104K080AA-TDK-datasheet-82475248.pdf	http://datasheet.octopart.com/C1608X7R1H104K080AA-TDK-datasheet-8324322.pdf	http://datasheet.octopart.com/C1608X7R1H104K080AA-TDK-datasheet-8359770.pdf	http://datasheet.octopart.com/C1608X7R1H104K080AA-TDK-datasheet-8852320.pdf	http://datasheet.octopart.com/C1608X7R1H104K-TDK-datasheet-10921857.pdf	http://datasheet.octopart.com/C1608X7R1H104K-TDK-datasheet-11513774.pdf	http://datasheet.octopart.com/C1608X7R1H104K-TDK-datasheet-14047322.pdf	http://datasheet.octopart.com/C1608X7R1H104K-TDK-datasheet-27087890.pdf	http://datasheet.octopart.com/C1608X7R1H104K-TDK-datasheet-90581.pdf	http://datasheet.octopart.com/C-Series-Ceramic-Chip-Capacitors-TDK-datasheet-family-84.pdf												
Multilayer Ceramic Capacitor, 0.22 uF, 50 V, ï¿½ 10%, X7R, 0603 [1608 Metric]	TDK/C1608X7R1H224K080AB	TDK	C1608X7R1H224K080AB	Newark	04X3259	C37	1	74	0.0492	3.6408		Surface mount	http://datasheet.octopart.com/C1608X7R1H224K080AB-TDK-datasheet-10978788.pdf	http://datasheet.octopart.com/C1608X7R1H224K080AB-TDK-datasheet-12509848.pdf	http://datasheet.octopart.com/C1608X7R1H224K080AB-TDK-datasheet-128946.pdf	http://datasheet.octopart.com/C1608X7R1H224K080AB-TDK-datasheet-13444418.pdf	http://datasheet.octopart.com/C1608X7R1H224K080AB-TDK-datasheet-151546523.pdf	http://datasheet.octopart.com/C1608X7R1H224K080AB-TDK-datasheet-20681607.pdf	http://datasheet.octopart.com/C1608X7R1H224K080AB-TDK-datasheet-21217870.pdf	http://datasheet.octopart.com/C1608X7R1H224K080AB-TDK-datasheet-23766614.pdf	http://datasheet.octopart.com/C1608X7R1H224K080AB-TDK-datasheet-41194876.pdf	http://datasheet.octopart.com/C1608X7R1H224K080AB-TDK-datasheet-82475248.pdf	http://datasheet.octopart.com/C1608X7R1H224K080AB-TDK-datasheet-8324322.pdf	http://datasheet.octopart.com/C1608X7R1H224K080AB-TDK-datasheet-8359770.pdf	http://datasheet.octopart.com/C1608X7R1H224K080AB-TDK-datasheet-8852320.pdf	http://datasheet.octopart.com/C-Series-Ceramic-Chip-Capacitors-TDK-datasheet-family-84.pdf																	
10V 4.7uF X7S 卤10% 0603 Multilayer Ceramic Capacitors MLCC - SMD/SMT ROHS	TDK/C1608X7S1A475K080AC	TDK	C1608X7S1A475K080AC	Newark	78Y9932	C45,C46,C47,C48,C49,C50	6	122	0.0528	6.4416		Surface mount	http://datasheet.octopart.com/C1608X7S1A475K080AC-TDK-datasheet-151546523.pdf	http://datasheet.octopart.com/C1608X7S1A475K080AC-TDK-datasheet-41194876.pdf	http://datasheet.octopart.com/C1608X7S1A475K080AC-TDK-datasheet-82475248.pdf	http://datasheet.octopart.com/C-Series-Ceramic-Chip-Capacitors-TDK-datasheet-family-84.pdf																											
Standalone 1-cell 1-A linear battery charger with 4.2-V VBAT and Temperature Sensing 10-WSON 0 to 125	TI/BQ24040DSQR	Texas Instruments	BQ24040DSQR	Mouser	595-BQ24040DSQR	U3	1	16	0.8112	12.9792		Surface mount	http://datasheet.octopart.com/BQ24040DSQR-Texas-Instruments-datasheet-10257486.pdf	http://datasheet.octopart.com/BQ24040DSQR-Texas-Instruments-datasheet-10286863.pdf	http://datasheet.octopart.com/BQ24040DSQR-Texas-Instruments-datasheet-11520011.pdf	http://datasheet.octopart.com/BQ24040DSQR-Texas-Instruments-datasheet-13762709.pdf	http://datasheet.octopart.com/BQ24040DSQR-Texas-Instruments-datasheet-140571232.pdf	http://datasheet.octopart.com/BQ24040DSQR-Texas-Instruments-datasheet-14154744.pdf	http://datasheet.octopart.com/BQ24040DSQR-Texas-Instruments-datasheet-14444722.pdf	http://datasheet.octopart.com/BQ24040DSQR-Texas-Instruments-datasheet-159114649.pdf	http://datasheet.octopart.com/BQ24040DSQR-Texas-Instruments-datasheet-23685543.pdf	http://datasheet.octopart.com/BQ24040DSQR-Texas-Instruments-datasheet-62292463.pdf	http://datasheet.octopart.com/BQ24040DSQR-Texas-Instruments-datasheet-62313082.pdf	http://datasheet.octopart.com/BQ24040DSQR-Texas-Instruments-datasheet-65712747.pdf	http://sigma.octopart.com/49250718/technical_drawing/Texas-Instruments-BQ24040DSQR.pdf	https://octopart.com/click/track?ai=8005&ct=datasheets&sig=02058b3&at=physicalpart&sid=370&ppid=12187011&hlid=29921624	https://octopart.com/click/track?ai=8005&ct=datasheets&sig=0dac3df&at=physicalpart&sid=370&ppid=12187011&hlid=31981250																
WPC 1.1 Compatible Fully integrated Wireless power Receiver IC 20-VQFN 0 to 125	TI/BQ51013BRHLR	Texas Instruments	BQ51013BRHLR	Mouser	595-BQ51013BRHLR	U4	1	15	2.6160	39.2400		Surface mount	http://datasheet.octopart.com/BQ51013BRHLR-Texas-Instruments-datasheet-12955706.pdf	http://datasheet.octopart.com/BQ51013BRHLR-Texas-Instruments-datasheet-14433264.pdf	http://datasheet.octopart.com/BQ51013BRHLR-Texas-Instruments-datasheet-159114702.pdf	http://datasheet.octopart.com/BQ51013BRHLR-Texas-Instruments-datasheet-21094540.pdf	http://datasheet.octopart.com/BQ51013BRHLR-Texas-Instruments-datasheet-41214977.pdf	http://datasheet.octopart.com/BQ51013BRHLR-Texas-Instruments-datasheet-94061900.pdf	http://sigma.octopart.com/103093910/technical_drawing/Texas-Instruments-BQ51013BRHLR.pdf	http://sigma.octopart.com/49250707/technical_drawing/Texas-Instruments-BQ51013BRHLR.pdf	http://sigma.octopart.com/68308939/technical_drawing/Texas-Instruments-BQ51013BRHLR.pdf	https://octopart.com/click/track?ai=8005&ct=datasheets&sig=00d58a0&at=physicalpart&sid=370&ppid=24884967&hlid=29925165	https://octopart.com/click/track?ai=8005&ct=datasheets&sig=07cd215&at=physicalpart&sid=370&ppid=24884967&hlid=31984885																				
Transistor MOSFET Array Dual P-CH 3.9A 9-Pin DSBGA T/R	TI/CSD75207W15	Texas Instruments	CSD75207W15	Mouser	595-CSD75207W15	Q1	1	22	0.4596	10.1112		Surface mount	http://datasheet.octopart.com/CSD75207W15-Texas-Instruments-datasheet-142046467.pdf	http://datasheet.octopart.com/CSD75207W15-Texas-Instruments-datasheet-150476432.pdf	http://datasheet.octopart.com/CSD75207W15-Texas-Instruments-datasheet-15994538.pdf	http://datasheet.octopart.com/CSD75207W15-Texas-Instruments-datasheet-27303991.pdf	http://datasheet.octopart.com/CSD75207W15-Texas-Instruments-datasheet-41215282.pdf	http://sigma.octopart.com/117815113/technical_drawing/Texas-Instruments-CSD75207W15.pdf	http://sigma.octopart.com/49250811/technical_drawing/Texas-Instruments-CSD75207W15.pdf	https://octopart.com/click/track?ai=8005&ct=datasheets&sig=025091c&at=physicalpart&sid=370&ppid=29716915&hlid=29941442	https://octopart.com/click/track?ai=8005&ct=datasheets&sig=04df985&at=physicalpart&sid=370&ppid=29716915&hlid=32000877																						
200mA, nanopower-IQ (25 nA), low-dropout (LDO) voltage regulator with enable 4-X2SON -40 to 125	TI/TPS7A0218PDQNR	Texas Instruments	TPS7A0218PDQNR	Digi-Key	296-TPS7A0218PDQNRCT-ND	VR2,VR3	2	34	0.5645	19.1923		Surface mount	http://sigma.octopart.com/68308705/technical_drawing/Texas-Instruments-TPS7A0218PDQNR.pdf	https://octopart.com/click/track?ai=8005&ct=datasheets&sig=02b1362&at=physicalpart&sid=370&ppid=106631936&hlid=30254241																													
Fundamental Active RoHS Compliant MHz Crystal Crystal 10pF 0.022 0.55mm -20C~70C 80Ohm	TXC/8Y38472012	TXC	8Y38472012	Digi-Key	887-8Y38472012CT-ND	X4	1	16	0.8508	13.6128		Surface mount																															
1.6X1.0 - 32.768Khz Quartz Xtal/Ceramic, +/-20Ppm @25C, 7Pf |Txc 9HT12-32.768KDZY-T	TXC/9HT12-32.768KDZY-T	TXC	9HT12-32.768KDZY-T	Mouser	717-9HT12-32.76KDZYT	X2,X3	2	28	1.0056	28.1568		Surface mount	http://datasheet.octopart.com/9HT12-32.768KDZY-T-TXC-datasheet-21225339.pdf																														
Multi-Color LED; 0606; Flat Lens; Red; Green(Yellow Green)	VENKEL/MCL0606FRD1GR1T	Venkel	MCL0606FRD1GR1T	user-25598	Consign	D1	1	12		0.0000		Surface mount																															
Multi-Color LED; 0606; Flat Lens; Yellow; Red	VENKEL/MCL0606FYW1RD1T	Venkel	MCL0606FYW1RD1T	user-25598	Consign	D2	1	12		0.0000		Surface mount																															
SiP32414 Series Dual 2A 1.2 V 72 mOhms Slew Rate Controlled Load Switch - TDFN-8	VISHAY/SIP32414DNP-T1-GE4	Vishay	SIP32414DNP-T1-GE4	Mouser	781-SIP32414DNP-GE4	S3	1	22	0.6264	13.7808		Surface mount	http://datasheet.octopart.com/SIP32414DNP-T1-GE4-Vishay-datasheet-13711623.pdf	http://datasheet.octopart.com/SIP32414DNP-T1-GE4-Vishay-datasheet-39160774.pdf	http://datasheet.octopart.com/SIP32414DNP-T1-GE4-Vishay-datasheet-62319063.pdf																												
Slide Switch, 0.3A, 5Vdc, Smd Rohs Compliant: Yes |Wurth Elektronik 450404015514	W/450404015514	Würth Elektronik	450404015514	Digi-Key	732-13665-1-ND	S1	1	16	0.9480	15.1680		Surface mount																															
WE-WPCC Wireless Power Charging Rx Coil | Wurth Elektronik 760308103204	W/760308103204	Würth Elektronik	760308103204	Mouser	710-760308103204	L4	1	14	7.1640	100.2960		Through hole	http://datasheet.octopart.com/760308103204-W%C3%BCrth-Elektronik-datasheet-111089581.pdf	http://datasheet.octopart.com/760308103204-W%C3%BCrth-Elektronik-datasheet-141445845.pdf	http://datasheet.octopart.com/760308103204-W%C3%BCrth-Elektronik-datasheet-23701282.pdf																												
Res Thick Film 0201 49.9 Ohm 1% 0.05W(1/20W) ±200ppm/C Pad SMD Automotive T/R	YAGEO/AC0201FR-0749R9L	Yageo	AC0201FR-0749R9L	Newark	49AK0145	R1	1	100	0.0036	0.3600		Surface mount	http://datasheet.octopart.com/AC0201FR-0749R9L-Yageo-datasheet-12512238.pdf	http://datasheet.octopart.com/AC0201FR-0749R9L-Yageo-datasheet-137699919.pdf	http://datasheet.octopart.com/AC0201FR-0749R9L-Yageo-datasheet-151884373.pdf	http://datasheet.octopart.com/AC0201FR-0749R9L-Yageo-datasheet-86786639.pdf																											
Multilayer Ceramic Capacitor, 1.5 pF, 50 V, ï¿½ 0.25pF, C0G (NP0), 0402 [1005 Metric]	YAGEO/CC0402BRNPO9BN1R5	Yageo	CC0402BRNPO9BN1R5	Newark	40AJ6286	C1	1	100	0.0144	1.4400		Surface mount	http://datasheet.octopart.com/CC0402BRNPO9BN1R5-Yageo-datasheet-10406438.pdf	http://datasheet.octopart.com/CC0402BRNPO9BN1R5-Yageo-datasheet-12589826.pdf	http://datasheet.octopart.com/CC0402BRNPO9BN1R5-Yageo-datasheet-136957424.pdf	http://datasheet.octopart.com/CC0402BRNPO9BN1R5-Yageo-datasheet-137700082.pdf	http://datasheet.octopart.com/CC0402BRNPO9BN1R5-Yageo-datasheet-137875056.pdf	http://datasheet.octopart.com/CC0402BRNPO9BN1R5-Yageo-datasheet-16730043.pdf	http://datasheet.octopart.com/CC0402BRNPO9BN1R5-Yageo-datasheet-504625.pdf	http://datasheet.octopart.com/CC0402BRNPO9BN1R5-Yageo-datasheet-5321569.pdf	http://datasheet.octopart.com/CC0402BRNPO9BN1R5-Yageo-datasheet-78855684.pdf	http://datasheet.octopart.com/CC0402BRNPO9BN1R5-Yageo-datasheet-8324240.pdf	http://datasheet.octopart.com/CC0402BRNPO9BN1R5-Yageo-datasheet-8817079.pdf																				
Multilayer Ceramic Capacitor, 4700 pF, 25 V, ï¿½ 10%, X7R, 0402 [1005 Metric]	YAGEO/CC0402KRX7R8BB472	Yageo	CC0402KRX7R8BB472	Mouser	603-CC402KRX7R8BB472	C76	1	100	0.0048	0.4800		Surface mount	http://datasheet.octopart.com/CC0402KRX7R8BB472-Yageo-datasheet-10883670.pdf	http://datasheet.octopart.com/CC0402KRX7R8BB472-Yageo-datasheet-10911834.pdf	http://datasheet.octopart.com/CC0402KRX7R8BB472-Yageo-datasheet-118396.pdf	http://datasheet.octopart.com/CC0402KRX7R8BB472-Yageo-datasheet-12526321.pdf	http://datasheet.octopart.com/CC0402KRX7R8BB472-Yageo-datasheet-137700084.pdf	http://datasheet.octopart.com/CC0402KRX7R8BB472-Yageo-datasheet-137700085.pdf	http://datasheet.octopart.com/CC0402KRX7R8BB472-Yageo-datasheet-151948686.pdf	http://datasheet.octopart.com/CC0402KRX7R8BB472-Yageo-datasheet-15895757.pdf	http://datasheet.octopart.com/CC0402KRX7R8BB472-Yageo-datasheet-24578986.pdf	http://datasheet.octopart.com/CC0402KRX7R8BB472-Yageo-datasheet-27626582.pdf	http://datasheet.octopart.com/CC0402KRX7R8BB472-Yageo-datasheet-499490.pdf	http://datasheet.octopart.com/CC0402KRX7R8BB472-Yageo-datasheet-5301394.pdf	http://datasheet.octopart.com/CC0402KRX7R8BB472-Yageo-datasheet-62336348.pdf	http://datasheet.octopart.com/CC0402KRX7R8BB472-Yageo-datasheet-78855684.pdf	http://datasheet.octopart.com/CC0402KRX7R8BB472-Yageo-datasheet-8324442.pdf	http://datasheet.octopart.com/CC0402KRX7R8BB472-Yageo-datasheet-8701427.pdf															
Multilayer Ceramic Capacitors MLCC - SMD/SMT 25V 0.022uF Y5V 0402 -20%, +80%	YAGEO/CC0402ZRY5V8BB223	Yageo	CC0402ZRY5V8BB223	Mouser	603-CC402ZRY5V8BB223	C20,C21	2	100	0.0084	0.8400		Surface mount	http://datasheet.octopart.com/CC0402ZRY5V8BB223-Yageo-datasheet-78855689.pdf																														
SMD Chip Resistor, 2.2 kOhm, ï¿½ 1%, 62.5 mW, 0402 [1005 Metric], Thick Film, General Purpose	YAGEO/RC0402FR-072K2L	Yageo	RC0402FR-072K2L	Digi-Key	311-2.20KLRDKR-ND	R13,R15	2	100	0.0049	0.4920		Surface mount	http://datasheet.octopart.com/RC0402FR-072K2L-Yageo-datasheet-103092701.pdf	http://datasheet.octopart.com/RC0402FR-072K2L-Yageo-datasheet-10408619.pdf	http://datasheet.octopart.com/RC0402FR-072K2L-Yageo-datasheet-12531192.pdf	http://datasheet.octopart.com/RC0402FR-072K2L-Yageo-datasheet-137700087.pdf	http://datasheet.octopart.com/RC0402FR-072K2L-Yageo-datasheet-62067350.pdf	http://datasheet.octopart.com/RC0402FR-072K2L-Yageo-datasheet-73766026.pdf	http://datasheet.octopart.com/RC0402FR-072K2L-Yageo-datasheet-8324255.pdf	http://datasheet.octopart.com/RC0402FR-072K2L-Yageo-datasheet-8324527.pdf	http://datasheet.octopart.com/RC0402FR-072K2L-Yageo-datasheet-8329306.pdf																						
SMD Chip Resistor, 10 kOhm, ï¿½ 5%, 62.5 mW, 0402 [1005 Metric], Thick Film, General Purpose	YAGEO/RC0402JR-0710KL	Yageo	RC0402JR-0710KL	Mouser	603-RC0402JR-0710KL	R12,R16,R18,R20,R23,XR19	6	122	0.0072	0.8784		Surface mount	http://datasheet.octopart.com/RC0402JR-0710KL-Yageo-datasheet-10408619.pdf	http://datasheet.octopart.com/RC0402JR-0710KL-Yageo-datasheet-12531192.pdf	http://datasheet.octopart.com/RC0402JR-0710KL-Yageo-datasheet-137700087.pdf	http://datasheet.octopart.com/RC0402JR-0710KL-Yageo-datasheet-141265859.pdf	http://datasheet.octopart.com/RC0402JR-0710KL-Yageo-datasheet-505231.pdf	http://datasheet.octopart.com/RC0402JR-0710KL-Yageo-datasheet-62067350.pdf	http://datasheet.octopart.com/RC0402JR-0710KL-Yageo-datasheet-73766026.pdf	http://datasheet.octopart.com/RC0402JR-0710KL-Yageo-datasheet-8324527.pdf	http://datasheet.octopart.com/RC0402JR-0710KL-Yageo-datasheet-8329306.pdf	http://datasheet.octopart.com/RC-Series-Yageo-datasheet-family-20.pdf	http://sigma.octopart.com/138820526/technical_drawing/Yageo-RC0402JR-0710KL.pdf																				
Res General Purpose Thick Film 0402 15 Ohm 5% 1/16W ¡À100ppm/¡ãC Molded SMD Paper T/R	YAGEO/RC0402JR-0715RL	Yageo	RC0402JR-0715RL	Mouser	603-RC0402JR-0715RL	R4,R5	2	100	0.0072	0.7200		Surface mount	http://datasheet.octopart.com/RC0402JR-0715RL-Yageo-datasheet-10408619.pdf	http://datasheet.octopart.com/RC0402JR-0715RL-Yageo-datasheet-12531192.pdf	http://datasheet.octopart.com/RC0402JR-0715RL-Yageo-datasheet-137700087.pdf	http://datasheet.octopart.com/RC0402JR-0715RL-Yageo-datasheet-148775077.pdf	http://datasheet.octopart.com/RC0402JR-0715RL-Yageo-datasheet-505231.pdf	http://datasheet.octopart.com/RC0402JR-0715RL-Yageo-datasheet-62067350.pdf	http://datasheet.octopart.com/RC0402JR-0715RL-Yageo-datasheet-73766026.pdf	http://datasheet.octopart.com/RC0402JR-0715RL-Yageo-datasheet-8324527.pdf	http://datasheet.octopart.com/RC0402JR-0715RL-Yageo-datasheet-8329306.pdf																						
Res Thick Film 0402 5.1 Ohm 5% 0.063W(1/16W) ±200ppm/C Pad SMD T/R	YAGEO/RC0402JR-075R1L	Yageo	RC0402JR-075R1L	Digi-Key	311-5.1JRDKR-ND	R2,R3	2	100	0.0067	0.6720		Surface mount	http://datasheet.octopart.com/RC0402JR-075R1L-Yageo-datasheet-103092701.pdf	http://datasheet.octopart.com/RC0402JR-075R1L-Yageo-datasheet-10408619.pdf	http://datasheet.octopart.com/RC0402JR-075R1L-Yageo-datasheet-12531192.pdf	http://datasheet.octopart.com/RC0402JR-075R1L-Yageo-datasheet-127823281.pdf	http://datasheet.octopart.com/RC0402JR-075R1L-Yageo-datasheet-137700087.pdf	http://datasheet.octopart.com/RC0402JR-075R1L-Yageo-datasheet-62067350.pdf	http://datasheet.octopart.com/RC0402JR-075R1L-Yageo-datasheet-73766026.pdf	http://datasheet.octopart.com/RC0402JR-075R1L-Yageo-datasheet-8324255.pdf	http://datasheet.octopart.com/RC0402JR-075R1L-Yageo-datasheet-8324527.pdf	http://datasheet.octopart.com/RC0402JR-075R1L-Yageo-datasheet-8329306.pdf																					
Res Thin Film 0402 100K Ohm 0.1% 1/16W ±50ppm/°C Molded SMD Paper T/R	YAGEO/RT0402BRE07100KL	Yageo	RT0402BRE07100KL	Newark	49AK4141	R24,R25	2	100	0.0876	8.7600		Surface mount	http://datasheet.octopart.com/RT0402BRE07100KL-Yageo-datasheet-10915759.pdf	http://datasheet.octopart.com/RT0402BRE07100KL-Yageo-datasheet-120102479.pdf	http://datasheet.octopart.com/RT0402BRE07100KL-Yageo-datasheet-12594463.pdf	http://datasheet.octopart.com/RT0402BRE07100KL-Yageo-datasheet-136673517.pdf	http://datasheet.octopart.com/RT0402BRE07100KL-Yageo-datasheet-137700928.pdf	http://datasheet.octopart.com/RT0402BRE07100KL-Yageo-datasheet-137700930.pdf	http://datasheet.octopart.com/RT0402BRE07100KL-Yageo-datasheet-34924148.pdf	http://datasheet.octopart.com/RT0402BRE07100KL-Yageo-datasheet-8324589.pdf	http://datasheet.octopart.com/RT0402BRE07100KL-Yageo-datasheet-86813807.pdf	http://datasheet.octopart.com/RT0402BRE07100KL-Yageo-datasheet-96443642.pdf	http://sigma.octopart.com/138820526/technical_drawing/Yageo-RT0402BRE07100KL.pdf																				
